"round","variant","count","managedMs","startupMs","renderingMs","readyMs","cacheReadyMs","shellReadyMs","controllerMs","stateLoadMs","stateSerializeMs","trayMs","buildShellMs","buildTopBarMs","buildBodyMs","buildNoteMs","markdownConstructMs","exitMs","workingSetBytes","privateBytes","cacheWrites","shellCount"
"0","baseline","1","118.009","245.6922","980.7795","1032.5081","1411.0532","1556.5251","117.3664","76.4123","19.3032","271.4951","117.1235","27.699","79.8285","74.3258","59.1995","89.7432","115892224","40132608","1","1"
"0","json","1","86.5972","208.0812","757.3921","797.8597","1194.9386","1342.477","126.6691","85.647","11.3464","159.5599","116.8292","27.3663","79.9121","74.4404","59.2534","79.7425","118956032","43012096","1","1"
"0","styles","1","82.702","204.4185","731.8143","773.8323","1147.402","1291.3173","124.3515","82.2872","18.9583","167.9664","115.2439","26.6377","79.1705","73.6778","58.8643","87.3669","114896896","40177664","1","1"
"0","traylate","1","81.7499","202.2833","684.6846","821.6177","1179.9196","1324.7162","138.1309","85.6043","20.0088","81.6785","116.7454","27.0733","79.982","74.4079","59.2621","105.7748","114409472","38707200","1","1"
"0","baseline","10","90.765","222.8814","914.5386","960.1064","1467.8768","1720.7364","126.4563","85.1595","21.1854","175.4239","210.15269999999998","49.392999999999994","121.5523","114.48889999999997","73.91359999999999","123.841","151212032","68812800","10","10"
"0","json","10","88.9155","215.4859","837.6284","881.8327","1337.6634","1552.8502","121.6261","82.25","13.8718","156.6425","194.6027","47.1214","109.85770000000001","103.0923","64.94980000000001","116.3279","156549120","72810496","10","10"
"0","styles","10","104.1111","230.8816","853.1819","913.858","1373.3375","1604.5781","113.6902","73.9416","19.9308","156.2139","211.2522","45.4962","111.7555","104.48389999999999","65.6982","125.655","152002560","68612096","10","10"
"0","traylate","10","83.8204","205.5268","785.654","946.6733","1381.7053","1616.4185","119.8434","79.7068","20.0109","87.349","196.75349999999997","48.9044","110.04180000000001","103.2242","64.4507","126.9416","150429696","67211264","10","10"
"1","baseline","10","87.2869","208.8609","843.1289","881.6565","1412.9994","1646.0673","131.7008","92.4329","18.6248","155.9293","211.89879999999997","47.7435","109.7647","103.13139999999997","64.9811","120.1641","151076864","68747264","10","10"
"1","traylate","10","78.2608","206.2562","796.352","959.4507","1378.7542","1613.1293","140.0239","100.4593","20.1469","82.0016","213.4229","48.2607","110.03780000000002","103.11940000000001","64.8376","123.8331","151408640","69222400","10","10"
"1","styles","10","80.914","207.8541","839.8114","894.3724","1312.4266","1546.8807","131.4015","91.4014","20.3707","158.6971","212.93949999999998","44.7701","128.66209999999998","121.9401","64.6078","123.5299","151203840","68284416","10","10"
"1","json","10","80.2044","201.1878","841.5115","883.5103","1360.5944","1601.2053","135.23","94.7623","14.1466","157.4205","220.02869999999996","47.837500000000006","116.9443","107.10850000000002","67.69789999999999","115.8981","156360704","73834496","10","10"
"1","baseline","1","79.2752","200.772","732.4843","775.1856","1130.1609","1278.4018","136.4265","91.3222","19.9629","155.4115","119.4588","28.2593","81.2687","75.7565","59.9985","88.1537","113971200","39661568","1","1"
"1","traylate","1","88.2275","212.1098","695.9013","854.6025","1221.2544","1385.9776","131.7497","92.1331","20.3357","80.8319","135.7416","32.5988","89.8131","83.4527","67.8631","90.2298","114229248","39985152","1","1"
"1","styles","1","80.5414","202.3408","731.3614","773.5853","1145.4005","1291.9722","136.3541","97.0292","20.6562","155.7068","117.6948","27.2004","80.7495","75.2102","59.6454","91.6788","114429952","40452096","1","1"
"1","json","1","82.8817","205.185","729.9367","781.1141","1176.706","1325.4225","133.3722","94.0551","12.7177","153.8266","119.9959","27.6442","82.6446","76.8924","61.5844","81.669","118456320","43433984","1","1"
"2","styles","1","78.5885","201.3343","746.0389","796.5377","1224.5751","1370.9635","131.3338","91.0476","20.1758","173.7227","117.7081","27.2264","80.773","75.1425","59.8483","89.7478","114470912","40263680","1","1"
"2","traylate","1","77.4969","202.0873","688.1479","844.1981","1196.932","1351.8212","132.5868","92.3475","21.0892","83.5363","125.7126","27.8302","88.0929","82.4872","66.8208","98.0109","114216960","40116224","1","1"
"2","baseline","1","79.8095","199.7267","729.5601","769.753","1143.3289","1288.4987","131.2081","91.1156","20.2454","159.8911","116.8245","27.4847","79.8485","74.3985","59.3713","90.7571","114114560","39157760","1","1"
"2","json","1","77.3883","200.7361","749.3224","799.8357","1220.8338","1367.3085","152.0254","107.7915","12.113","157.8504","116.9798","27.1593","80.2107","74.6308","58.8701","85.2119","118468608","43126784","1","1"
"2","styles","10","84.9248","218.6371","850.0557","888.6246","1361.2149","1585.9397","128.2199","89.0623","19.3235","155.3956","205.1122","43.23310000000001","125.87899999999999","119.1432","63.4076","125.8694","150892544","68022272","10","10"
"2","traylate","10","81.5584","208.8163","821.819","982.2124","1421.7159","1650.5555","141.2544","98.1862","20.976","84.1935","208.803","46.1775","108.6153","101.94999999999997","64.35860000000001","125.1366","150917120","68825088","10","10"
"2","baseline","10","79.2559","200.2637","863.2117","920.5376","1396.9445","1634.1311","134.361","93.2632","21.1379","162.2276","216.07800000000003","47.769299999999994","113.7501","106.67169999999999","68.07410000000002","142.7921","151166976","68276224","10","10"
"2","json","10","86.4313","211.9977","863.6698","916.7574","1313.8992","1547.1026","136.8487","95.6824","13.7115","164.7158","213.54579999999999","48.0196","110.60790000000001","103.85670000000002","65.7831","120.8159","155897856","72794112","10","10"
"3","styles","10","77.6025","208.4009","879.0191","921.4276","1399.1598","1628.6646","132.5925","92.1942","18.8808","160.9548","209.0414","43.112899999999996","127.76920000000001","120.73649999999999","64.0154","123.6227","150765568","67878912","10","10"
"3","json","10","83.3536","206.9776","866.8469","921.4335","1433.5447","1675.8876","140.8738","99.8326","10.9658","160.9012","220.53529999999998","50.0412","113.40859999999999","106.3178","66.71470000000001","131.1858","156135424","73662464","10","10"
"3","baseline","10","80.3516","210.4857","858.3709","911.7332","1330.1399","1572.8843","131.6657","91.3622","20.5267","159.8465","220.6209","48.181099999999994","112.5562","105.2546","66.5892","134.053","150585344","68485120","10","10"
"3","traylate","10","86.9926","219.6431","827.6022","989.1409","1504.5359","1748.4913","134.2684","93.0029","20.0721","85.4482","222.6569","48.66629999999999","112.65940000000002","105.69969999999999","66.59579999999998","127.5695","151232512","69120000","10","10"
"3","styles","1","83.6674","217.8399","807.3915","877.2588","1327.5471","1478.4555","154.0135","110.6373","21.5577","162.4838","119.5573","26.9434","83.0052","77.5157","62.1736","97.3937","115220480","41107456","1","1"
"3","json","1","98.2058","227.0306","810.0798","861.9605","1263.1794","1428.4156","144.803","96.8582","13.1046","172.973","132.642","35.4974","86.2061","79.4623","63.5356","104.798","118484992","43917312","1","1"
"3","baseline","1","113.3283","243.5711","811.9235","856.816","1322.1229","1472.4265","137.1366","95.9244","19.5987","163.2552","120.3648","29.0105","81.8946","76.3076","60.8823","96.4209","114122752","39841792","1","1"
"3","traylate","1","104.522","237.7565","747.1862","909.0476","1306.6123","1462.539","142.6271","98.2128","19.2694","91.508","127.5479","27.2957","90.66","84.9765","66.2309","106.467","114171904","39243776","1","1"
"4","baseline","1","80.4788","201.382","752.0851","803.9064","1204.9913","1355.1516","137.4773","92.1768","19.0483","158.2758","120.6256","27.8447","82.991","76.7379","60.917","92.9235","114397184","40157184","1","1"
"4","json","1","77.4969","200.7116","734.8545","775.5488","1165.8322","1313.8685","135.5748","94.3951","11.245","156.8598","118.9605","27.8828","81.3849","75.7818","59.9925","82.1382","118456320","43925504","1","1"
"4","styles","1","84.5669","210.2296","740.9212","790.3445","1204.9675","1350.7082","129.1395","90.2239","20.6801","154.8943","115.7653","26.8347","79.4142","73.9468","58.9733","93.6375","114343936","39403520","1","1"
"4","traylate","1","80.2683","204.8532","690.3605","847.7272","1242.8388","1422.6854","130.8833","91.0586","19.1558","84.4411","150.2194","37.4374","100.721","91.5033","73.167","90.6461","114245632","39088128","1","1"
"4","baseline","10","79.3826","204.2606","850.7252","902.5504","1340.4705","1570.4988","132.2827","92.0032","19.199","159.1409","209.3257","46.81419999999999","108.8405","101.94380000000001","64.1713","127.4804","151310336","69296128","10","10"
"4","json","10","77.678","198.2839","834.4018","875.5549","1321.7031","1555.1441","135.2019","93.7805","15.4207","156.3543","212.85849999999996","46.6269","112.04460000000002","105.1184","65.538","152.5549","156094464","73744384","10","10"
"4","styles","10","96.7346","228.65","865.1556","904.4813","1398.6806","1631.4721","129.728","90.0329","20.3643","159.1841","212.52569999999997","44.2262","130.4746","123.66869999999999","65.3594","132.3508","150777856","68001792","10","10"
"4","traylate","10","78.7866","205.163","808.1086","967.6008","1407.0598","1638.4146","132.5262","91.9123","20.9263","84.8085","210.819","46.8189","109.85239999999999","103.13959999999999","64.1721","129.6225","151355392","68915200","10","10"
"5","baseline","10","82.4301","207.6484","854.0053","907.3159","1342.495","1577.1385","135.7879","95.2159","18.6597","157.6899","213.4671","48.7747","110.87680000000002","103.89630000000002","65.6973","130.5613","151265280","69136384","10","10"
"5","traylate","10","82.2618","208.5796","810.259","971.0688","1464.8816","1700.4288","133.6287","91.4633","20.125","84.1451","215.3003","46.72810000000001","115.23340000000002","108.39990000000002","68.03750000000002","130.8748","150908928","68755456","10","10"
"5","styles","10","78.3003","200.3019","852.0724","906.9415","1339.3899","1564.6797","131.3881","91.3327","20.1969","159.9643","205.65119999999996","42.83669999999999","125.4222","118.6285","63.9446","126.7446","151150592","69140480","10","10"
"5","json","10","78.4117","201.7264","852.8054","891.6584","1324.0376","1558.6133","133.0213","92.8906","12.1994","155.5751","214.02160000000003","47.49269999999999","110.1003","103.1929","64.6336","122.6692","156188672","72949760","10","10"
"5","baseline","1","100.4815","229.6535","765.0723","816.3244","1210.6761","1358.1389","137.2745","90.9745","22.0201","158.6042","118.3176","27.6652","80.8784","75.1702","60.0833","103.2094","114110464","40034304","1","1"
"5","traylate","1","102.4711","248.1925","819.5608","998.7488","1426.98","1572.738","155.2455","107.2964","19.7267","103.7969","117.3965","27.4593","80.065","74.4441","59.0825","91.5575","114229248","39063552","1","1"
"5","styles","1","77.0223","198.82","750.1692","803.1238","1166.343","1333.3069","135.2686","95.4648","20.3079","159.7953","129.9211","30.8085","89.4603","82.3337","63.4593","98.3078","114360320","40050688","1","1"
"5","json","1","94.3451","216.7424","744.9006","793.49","1175.4353","1332.9093","131.3018","91.2305","15.0616","155.4538","123.2856","33.2578","79.7585","74.2219","59.1348","95.7986","118435840","43757568","1","1"
